plugin.Custom.productname.short=COMP
plugin.Custom.productname=Companion
plugin.Custom.productname.full=Sixth World Companion

metatype.dour.title=Dwarf-Dour
metatype.dour.page=77
metatype.gnome.title=Dwarf-Gnome
metatype.gnome.page=77
metatype.hanuman.title=Dwarf-Hanuman
metatype.hanuman.page=77
metatype.koborokuru.title=Dwarf-Koborokuru
metatype.koborokuru.page=77
metatype.menehune.title=Dwarf-Menehune
metatype.menehune.page=77
metatype.dalakitnon.title=Elf-Dalakitnon
metatype.dalakitnon.page=79
metatype.dryad.title=Elf-Dryad
metatype.dryad.page=79
metatype.nocturna.title=Elf-Nocturna
metatype.nocturna.page=79
metatype.wakyambi.title=Elf-Wakyambi
metatype.wakyambi.page=79
metatype.xapiri_thepe.title=Elf-Xapiri Thepe
metatype.xapiri_thepe.page=79
metatype.nartaki_1.title=Human-Nartaki (1)
metatype.nartaki_1.page=82
metatype.nartaki_2.title=Human-Nartaki (2)
metatype.nartaki_2.page=82
metatype.valkyrie.title=Human-Valkyrie
metatype.valkyrie.page=82
metatype.hobgoblin.title=Ork-Hobgoblin
metatype.hobgoblin.page=84
metatype.ogre.title=Ork-Ogre
metatype.ogre.page=84
metatype.oni.title=Ork-Oni
metatype.oni.page=84
metatype.satyr.title=Ork-Satyr
metatype.satyr.page=84
metatype.centaur.title=Sapient-Centaur
metatype.centaur.page=90
metatype.merrow.title=Sapient-Merrow
metatype.merrow.page=90
metatype.naga.title=Sapient-Naga
metatype.naga.page=90
metatype.pixie.title=Sapient-Pixie
metatype.pixie.page=90
metatype.sasquatch.title=Sapient-Sasquatch
metatype.sasquatch.page=90